{
  "movies": [
    {
      "id": 1,
      "name": "Titanic",
      "description": "This is a great romantic movie",
      "poster": "require('./src/assets/poster/Titanic.jpg')",
      "state": true
    },
    {
      "id": 2,
      "name": "The invisible guest",
      "description": "This is a great suspecious movie",
      "poster": "require('./src/assets/poster/The invisible guest.jpg')",
      "state": true
    },
    {
      "id": 3,
      "name": "Spiderman",
      "description": "This is a great superhero movie",
      "poster": "require('./src/assets/poster/spiderman.jpg')",
      "state": true
    },
    {
      "id": 4,
      "name": "Titanic",
      "description": "This is a great romantic movie",
      "poster": "require('./src/assets/poster/Titanic.jpg')",
      "state": true
    },
    {
      "id": 5,
      "name": "The invisible guest The invisible guest The invisible guest The invisible guest",
      "description": "This is a great suspecious movie",
      "poster": "require('./src/assets/poster/The invisible guest.jpg')",
      "state": false
    },
    {
      "id": 6,
      "name": "Spiderman",
      "description": "This is a great superhero movie",
      "poster": "require('./src/assets/poster/spiderman.jpg')",
      "state": false
    },
    {
      "id": 7,
      "name": "Spiderman",
      "description": "This is a great superhero movie",
      "poster": "require('./src/assets/poster/spiderman.jpg')",
      "state": false
    }
  ],
  "cinemas": [
    {
      "id": 1,
      "name": "cinema1",
      "address": "This is a cinema address that is very very long"
    },
    {
      "id": 2,
      "name": "cinema2",
      "address": "This is a cinema address that is very very long"
    },
    {
      "id": 3,
      "name": "cinema3",
      "address": "This is a cinema address that is very very long"
    },
    {
      "id": 4,
      "name": "cinema4",
      "address": "This is a cinema address that is very very long"
    },
    {
      "id": 5,
      "name": "cinema555",
      "address": "This is a cinema address that is very very long"
    },
    {
      "id": 6,
      "name": "cinema6",
      "address": "This is a cinema address that is very very long"
    },
    {
      "id": 7,
      "name": "cinema7",
      "address": "This is a cinema address that is very very long"
    }
  ],
  "movie1Cinemas": [
    {
      "id": 1,
      "name": "cinema1",
      "address": "This is a cinema address that is very very long"
    },
    {
      "id": 2,
      "name": "cinema2",
      "address": "This is a cinema address that is very very long"
    },
    {
      "id": 3,
      "name": "cinema3",
      "address": "This is a cinema address that is very very long"
    },
    {
      "id": 4,
      "name": "cinema4",
      "address": "This is a cinema address that is very very long"
    }
  ],
  "cinema1Movies": [
    {
      "id": 1,
      "name": "Titanic",
      "description": "This is a great romantic movie",
      "poster": "require('./src/assets/poster/Titanic.jpg')",
      "state": true
    },
    {
      "id": 2,
      "name": "The invisible guest",
      "description": "This is a great suspecious movie",
      "poster": "require('./src/assets/poster/The invisible guest.jpg')",
      "state": false
    }
  ],
  "movie1Cinema1Time0": [
    {
      "id": 1,
      "time": "12:19",
      "hall": "hall 11"
    },
    {
      "id": 2,
      "time": "12:46",
      "hall": "hall 3"
    }
  ],
  "movie1Cinema1Time1": [
    {
      "id": 1,
      "time": "12:19",
      "hall": "hall 11"
    },
    {
      "id": 2,
      "time": "12:46",
      "hall": "hall 3"
    }
  ],
  "movie1Cinema1Time2": [
    {
      "id": 1,
      "time": "12:19",
      "hall": "hall 11"
    },
    {
      "id": 2,
      "time": "12:46",
      "hall": "hall 3"
    }
  ],
  "movie1Cinema1Time3": [
    {
      "id": 1,
      "time": "12:19",
      "hall": "hall 11"
    },
    {
      "id": 2,
      "time": "12:46",
      "hall": "hall 3"
    }
  ],
  "seatsM1C1D1": [
    {
      "id": 1,
      "row": 1,
      "column": 1,
      "isAvailable": false,
      "isSelected": true
    },
    {
      "id": 2,
      "row": 1,
      "column": 2,
      "isAvailable": true,
      "isSelected": false
    },
    {
      "id": 3,
      "row": 1,
      "column": 3,
      "isAvailable": true,
      "isSelected": false
    },
    {
      "id": 4,
      "row": 1,
      "column": 4,
      "isAvailable": false,
      "isSelected": true
    },
    {
      "id": 5,
      "row": 1,
      "column": 5,
      "isAvailable": false,
      "isSelected": true
    },
    {
      "id": 6,
      "row": 1,
      "column": 6,
      "isAvailable": false,
      "isSelected": true
    },
    {
      "id": 7,
      "row": 1,
      "column": 7,
      "isAvailable": false,
      "isSelected": true
    },
    {
      "id": 8,
      "row": 1,
      "column": 8,
      "isAvailable": true,
      "isSelected": false
    },
    {
      "id": 9,
      "row": 1,
      "column": 9,
      "isAvailable": true,
      "isSelected": false
    },
    {
      "id": 10,
      "row": 1,
      "column": 10,
      "isAvailable": false,
      "isSelected": true
    },
    {
      "id": 11,
      "row": 1,
      "column": 11,
      "isAvailable": true,
      "isSelected": false
    },
    {
      "id": 12,
      "row": 1,
      "column": 12,
      "isAvailable": true,
      "isSelected": false
    },
    {
      "id": 13,
      "row": 2,
      "column": 1,
      "isAvailable": true,
      "isSelected": false
    },
    {
      "id": 14,
      "row": 2,
      "column": 2,
      "isAvailable": true,
      "isSelected": false
    },
    {
      "id": 15,
      "row": 2,
      "column": 3,
      "isAvailable": false,
      "isSelected": true
    },
    {
      "id": 16,
      "row": 2,
      "column": 4,
      "isAvailable": true,
      "isSelected": false
    },
    {
      "id": 17,
      "row": 2,
      "column": 5,
      "isAvailable": true,
      "isSelected": false
    },
    {
      "id": 18,
      "row": 2,
      "column": 6,
      "isAvailable": false,
      "isSelected": true
    },
    {
      "id": 19,
      "row": 2,
      "column": 7,
      "isAvailable": true,
      "isSelected": false
    },
    {
      "id": 20,
      "row": 2,
      "column": 8,
      "isAvailable": true,
      "isSelected": false
    },
    {
      "id": 21,
      "row": 2,
      "column": 9,
      "isAvailable": false,
      "isSelected": true
    },
    {
      "id": 22,
      "row": 2,
      "column": 10,
      "isAvailable": true,
      "isSelected": false
    },
    {
      "id": 23,
      "row": 2,
      "column": 11,
      "isAvailable": true,
      "isSelected": false
    },
    {
      "id": 24,
      "row": 2,
      "column": 12,
      "isAvailable": false,
      "isSelected": true
    },
    {
      "id": 25,
      "row": 3,
      "column": 1,
      "isAvailable": true,
      "isSelected": false
    },
    {
      "id": 26,
      "row": 3,
      "column": 2,
      "isAvailable": true,
      "isSelected": false
    },
    {
      "id": 27,
      "row": 3,
      "column": 3,
      "isAvailable": true,
      "isSelected": false
    },
    {
      "id": 28,
      "row": 3,
      "column": 4,
      "isAvailable": true,
      "isSelected": false
    },
    {
      "id": 29,
      "row": 3,
      "column": 5,
      "isAvailable": false,
      "isSelected": true
    },
    {
      "id": 30,
      "row": 3,
      "column": 6,
      "isAvailable": true,
      "isSelected": false
    },
    {
      "id": 31,
      "row": 3,
      "column": 7,
      "isAvailable": true,
      "isSelected": false
    },
    {
      "id": 32,
      "row": 3,
      "column": 8,
      "isAvailable": false,
      "isSelected": true
    },
    {
      "id": 33,
      "row": 3,
      "column": 9,
      "isAvailable": true,
      "isSelected": false
    },
    {
      "id": 34,
      "row": 3,
      "column": 10,
      "isAvailable": true,
      "isSelected": false
    },
    {
      "id": 35,
      "row": 3,
      "column": 11,
      "isAvailable": false,
      "isSelected": true
    },
    {
      "id": 36,
      "row": 3,
      "column": 12,
      "isAvailable": true,
      "isSelected": false
    },
    {
      "id": 37,
      "row": 4,
      "column": 1,
      "isAvailable": true,
      "isSelected": false
    },
    {
      "id": 38,
      "row": 4,
      "column": 2,
      "isAvailable": true,
      "isSelected": false
    },
    {
      "id": 39,
      "row": 4,
      "column": 3,
      "isAvailable": true,
      "isSelected": false
    },
    {
      "id": 40,
      "row": 4,
      "column": 4,
      "isAvailable": false,
      "isSelected": true
    },
    {
      "id": 41,
      "row": 4,
      "column": 5,
      "isAvailable": true,
      "isSelected": false
    },
    {
      "id": 42,
      "row": 4,
      "column": 6,
      "isAvailable": true,
      "isSelected": false
    },
    {
      "id": 43,
      "row": 4,
      "column": 7,
      "isAvailable": false,
      "isSelected": true
    },
    {
      "id": 44,
      "row": 4,
      "column": 8,
      "isAvailable": true,
      "isSelected": false
    },
    {
      "id": 45,
      "row": 4,
      "column": 9,
      "isAvailable": true,
      "isSelected": false
    },
    {
      "id": 46,
      "row": 4,
      "column": 10,
      "isAvailable": false,
      "isSelected": true
    },
    {
      "id": 47,
      "row": 4,
      "column": 11,
      "isAvailable": true,
      "isSelected": false
    },
    {
      "id": 48,
      "row": 4,
      "column": 12,
      "isAvailable": true,
      "isSelected": false
    },
    {
      "id": 49,
      "row": 5,
      "column": 1,
      "isAvailable": false,
      "isSelected": true
    },
    {
      "id": 50,
      "row": 5,
      "column": 2,
      "isAvailable": true,
      "isSelected": false
    },
    {
      "id": 51,
      "row": 5,
      "column": 3,
      "isAvailable": true,
      "isSelected": false
    },
    {
      "id": 52,
      "row": 5,
      "column": 4,
      "isAvailable": true,
      "isSelected": false
    },
    {
      "id": 53,
      "row": 5,
      "column": 5,
      "isAvailable": true,
      "isSelected": false
    },
    {
      "id": 54,
      "row": 5,
      "column": 6,
      "isAvailable": false,
      "isSelected": true
    },
    {
      "id": 55,
      "row": 5,
      "column": 7,
      "isAvailable": true,
      "isSelected": false
    },
    {
      "id": 56,
      "row": 5,
      "column": 8,
      "isAvailable": false,
      "isSelected": true
    },
    {
      "id": 57,
      "row": 5,
      "column": 9,
      "isAvailable": true,
      "isSelected": false
    },
    {
      "id": 58,
      "row": 5,
      "column": 10,
      "isAvailable": true,
      "isSelected": false
    },
    {
      "id": 59,
      "row": 5,
      "column": 11,
      "isAvailable": false,
      "isSelected": true
    },
    {
      "id": 60,
      "row": 5,
      "column": 12,
      "isAvailable": true,
      "isSelected": false
    },
    {
      "id": 61,
      "row": 6,
      "column": 1,
      "isAvailable": true,
      "isSelected": false
    },
    {
      "id": 62,
      "row": 6,
      "column": 2,
      "isAvailable": false,
      "isSelected": true
    },
    {
      "id": 63,
      "row": 6,
      "column": 3,
      "isAvailable": true,
      "isSelected": false
    },
    {
      "id": 64,
      "row": 6,
      "column": 4,
      "isAvailable": true,
      "isSelected": false
    },
    {
      "id": 65,
      "row": 6,
      "column": 5,
      "isAvailable": false,
      "isSelected": true
    },
    {
      "id": 66,
      "row": 6,
      "column": 6,
      "isAvailable": true,
      "isSelected": false
    },
    {
      "id": 67,
      "row": 6,
      "column": 7,
      "isAvailable": true,
      "isSelected": false
    },
    {
      "id": 68,
      "row": 6,
      "column": 8,
      "isAvailable": true,
      "isSelected": false
    },
    {
      "id": 69,
      "row": 6,
      "column": 9,
      "isAvailable": true,
      "isSelected": false
    },
    {
      "id": 70,
      "row": 6,
      "column": 10,
      "isAvailable": true,
      "isSelected": false
    },
    {
      "id": 71,
      "row": 6,
      "column": 11,
      "isAvailable": true,
      "isSelected": false
    },
    {
      "id": 72,
      "row": 6,
      "column": 12,
      "isAvailable": false,
      "isSelected": true
    },
    {
      "id": 73,
      "row": 7,
      "column": 1,
      "isAvailable": true,
      "isSelected": false
    },
    {
      "id": 74,
      "row": 7,
      "column": 2,
      "isAvailable": true,
      "isSelected": false
    },
    {
      "id": 75,
      "row": 7,
      "column": 3,
      "isAvailable": false,
      "isSelected": true
    },
    {
      "id": 76,
      "row": 7,
      "column": 4,
      "isAvailable": true,
      "isSelected": false
    },
    {
      "id": 77,
      "row": 7,
      "column": 5,
      "isAvailable": true,
      "isSelected": false
    },
    {
      "id": 78,
      "row": 7,
      "column": 6,
      "isAvailable": false,
      "isSelected": true
    },
    {
      "id": 79,
      "row": 7,
      "column": 7,
      "isAvailable": true,
      "isSelected": false
    },
    {
      "id": 80,
      "row": 7,
      "column": 8,
      "isAvailable": true,
      "isSelected": false
    },
    {
      "id": 81,
      "row": 7,
      "column": 9,
      "isAvailable": false,
      "isSelected": true
    },
    {
      "id": 82,
      "row": 7,
      "column": 10,
      "isAvailable": true,
      "isSelected": false
    },
    {
      "id": 83,
      "row": 7,
      "column": 11,
      "isAvailable": true,
      "isSelected": false
    },
    {
      "id": 84,
      "row": 7,
      "column": 12,
      "isAvailable": true,
      "isSelected": false
    },
    {
      "id": 85,
      "row": 8,
      "column": 1,
      "isAvailable": true,
      "isSelected": false
    }
  ]
}